Id_Tiempo;Fecha;Anio;Mes;Trimestre
1;2023-10-09;2023;10;4
2;2023-10-10;2023;10;4
3;2023-10-11;2023;10;4
4;2023-10-12;2023;10;4
5;2023-10-13;2023;10;4
6;2023-10-15;2023;10;4
7;2023-10-16;2023;10;4
8;2023-10-17;2023;10;4
9;2023-10-18;2023;10;4
10;2023-10-19;2023;10;4
11;2023-10-20;2023;10;4
12;2023-10-21;2023;10;4
13;2023-10-22;2023;10;4
14;2023-10-23;2023;10;4
15;2023-10-24;2023;10;4
16;2023-10-25;2023;10;4
17;2023-10-26;2023;10;4
18;2023-10-27;2023;10;4
19;2023-10-28;2023;10;4
20;2023-10-30;2023;10;4
21;2023-10-31;2023;10;4
22;2023-11-01;2023;11;4
23;2023-11-02;2023;11;4
24;2023-11-03;2023;11;4
25;2023-11-04;2023;11;4
26;2023-11-05;2023;11;4
27;2023-11-06;2023;11;4
28;2023-11-07;2023;11;4
29;2023-11-08;2023;11;4
30;2023-11-09;2023;11;4
31;2023-11-10;2023;11;4
32;2023-11-11;2023;11;4
33;2023-11-12;2023;11;4
34;2023-11-13;2023;11;4
35;2023-11-14;2023;11;4
36;2023-11-15;2023;11;4
37;2023-11-16;2023;11;4
38;2023-11-17;2023;11;4
39;2023-11-18;2023;11;4
40;2023-11-19;2023;11;4
41;2023-11-20;2023;11;4
42;2023-11-21;2023;11;4
43;2023-11-22;2023;11;4
44;2023-11-23;2023;11;4
45;2023-11-24;2023;11;4
46;2023-11-25;2023;11;4
47;2023-11-27;2023;11;4
48;2023-11-28;2023;11;4
49;2023-11-29;2023;11;4
50;2023-11-30;2023;11;4
51;2023-12-01;2023;12;4
52;2023-12-02;2023;12;4
53;2023-12-03;2023;12;4
54;2023-12-04;2023;12;4
55;2023-12-05;2023;12;4
56;2023-12-06;2023;12;4
57;2023-12-07;2023;12;4
58;2023-12-08;2023;12;4
59;2023-12-09;2023;12;4
60;2023-12-10;2023;12;4
61;2023-12-11;2023;12;4
62;2023-12-12;2023;12;4
63;2023-12-13;2023;12;4
64;2023-12-14;2023;12;4
65;2023-12-15;2023;12;4
66;2023-12-16;2023;12;4
67;2023-12-17;2023;12;4
68;2023-12-18;2023;12;4
69;2023-12-19;2023;12;4
70;2023-12-20;2023;12;4
71;2023-12-21;2023;12;4
72;2023-12-22;2023;12;4
73;2023-12-23;2023;12;4
74;2023-12-26;2023;12;4
75;2023-12-27;2023;12;4
76;2023-12-28;2023;12;4
77;2023-12-29;2023;12;4
78;2024-01-02;2024;1;1
79;2024-01-03;2024;1;1
80;2024-01-04;2024;1;1
81;2024-01-05;2024;1;1
82;2024-01-06;2024;1;1
83;2024-01-07;2024;1;1
84;2024-01-08;2024;1;1
85;2024-01-09;2024;1;1
86;2024-01-10;2024;1;1
87;2024-01-11;2024;1;1
88;2024-01-12;2024;1;1
89;2024-01-13;2024;1;1
90;2024-01-14;2024;1;1
91;2024-01-15;2024;1;1
92;2024-01-16;2024;1;1
93;2024-01-17;2024;1;1
94;2024-01-18;2024;1;1
95;2024-01-19;2024;1;1
96;2024-01-20;2024;1;1
97;2024-01-21;2024;1;1
98;2024-01-22;2024;1;1
99;2024-01-23;2024;1;1
100;2024-01-24;2024;1;1
101;2024-01-25;2024;1;1
102;2024-01-26;2024;1;1
103;2024-01-27;2024;1;1
104;2024-01-28;2024;1;1
105;2024-01-29;2024;1;1
106;2024-01-30;2024;1;1
107;2024-01-31;2024;1;1
108;2024-02-01;2024;2;1
109;2024-02-02;2024;2;1
110;2024-02-03;2024;2;1
111;2024-02-05;2024;2;1
112;2024-02-06;2024;2;1
113;2024-02-07;2024;2;1
114;2024-02-08;2024;2;1
115;2024-02-09;2024;2;1
116;2024-02-10;2024;2;1
117;2024-02-11;2024;2;1
118;2024-02-12;2024;2;1
119;2024-02-13;2024;2;1
120;2024-02-14;2024;2;1
121;2024-02-15;2024;2;1
122;2024-02-16;2024;2;1
123;2024-02-17;2024;2;1
124;2024-02-18;2024;2;1
125;2024-02-19;2024;2;1
126;2024-02-20;2024;2;1
127;2024-02-21;2024;2;1
128;2024-02-22;2024;2;1
129;2024-02-23;2024;2;1
130;2024-02-24;2024;2;1
131;2024-02-25;2024;2;1
132;2024-02-26;2024;2;1
133;2024-02-27;2024;2;1
134;2024-02-28;2024;2;1
135;2024-02-29;2024;2;1
136;2024-03-01;2024;3;1
137;2024-03-02;2024;3;1
138;2024-03-03;2024;3;1
139;2024-03-04;2024;3;1
140;2024-03-05;2024;3;1
141;2024-03-06;2024;3;1
142;2024-03-07;2024;3;1
143;2024-03-08;2024;3;1
144;2024-03-09;2024;3;1
145;2024-03-10;2024;3;1
146;2024-03-11;2024;3;1
147;2024-03-12;2024;3;1
148;2024-03-13;2024;3;1
149;2024-03-14;2024;3;1
150;2024-03-15;2024;3;1
151;2024-03-16;2024;3;1
152;2024-03-18;2024;3;1
153;2024-03-19;2024;3;1
154;2024-03-20;2024;3;1
155;2024-03-21;2024;3;1
156;2024-03-22;2024;3;1
157;2024-03-23;2024;3;1
158;2024-03-25;2024;3;1
159;2024-03-26;2024;3;1
160;2024-03-27;2024;3;1
161;2024-03-28;2024;3;1
162;2024-03-29;2024;3;1
163;2024-03-30;2024;3;1
164;2024-04-01;2024;4;2
165;2024-04-02;2024;4;2
166;2024-04-03;2024;4;2
167;2024-04-04;2024;4;2
168;2024-04-05;2024;4;2
169;2024-04-06;2024;4;2
170;2024-04-08;2024;4;2
171;2024-04-09;2024;4;2
172;2024-04-10;2024;4;2
173;2024-04-11;2024;4;2
174;2024-04-12;2024;4;2
175;2024-04-13;2024;4;2
176;2024-04-14;2024;4;2
177;2024-04-15;2024;4;2
178;2024-04-16;2024;4;2
179;2024-04-17;2024;4;2
180;2024-04-18;2024;4;2
181;2024-04-19;2024;4;2
182;2024-04-20;2024;4;2
183;2024-04-22;2024;4;2
184;2024-04-23;2024;4;2
185;2024-04-24;2024;4;2
186;2024-04-25;2024;4;2
187;2024-04-26;2024;4;2
188;2024-04-27;2024;4;2
189;2024-04-29;2024;4;2
190;2024-04-30;2024;4;2
191;2024-05-01;2024;5;2
192;2024-05-02;2024;5;2
193;2024-05-03;2024;5;2
194;2024-05-04;2024;5;2
195;2024-05-05;2024;5;2
196;2024-05-06;2024;5;2
197;2024-05-07;2024;5;2
198;2024-05-08;2024;5;2
199;2024-05-09;2024;5;2
200;2024-05-10;2024;5;2
201;2024-05-11;2024;5;2
202;2024-05-12;2024;5;2
203;2024-05-13;2024;5;2
204;2024-05-14;2024;5;2
205;2024-05-15;2024;5;2
206;2024-05-16;2024;5;2
207;2024-05-17;2024;5;2
208;2024-05-18;2024;5;2
209;2024-05-19;2024;5;2
210;2024-05-20;2024;5;2
211;2024-05-21;2024;5;2
212;2024-05-22;2024;5;2
213;2024-05-23;2024;5;2
214;2024-05-24;2024;5;2
215;2024-05-25;2024;5;2
216;2024-05-27;2024;5;2
217;2024-05-28;2024;5;2
218;2024-05-29;2024;5;2
219;2024-05-30;2024;5;2
220;2024-05-31;2024;5;2
221;2024-06-01;2024;6;2
222;2024-06-03;2024;6;2
223;2024-06-04;2024;6;2
224;2024-06-05;2024;6;2
225;2024-06-06;2024;6;2
226;2024-06-07;2024;6;2
227;2024-06-08;2024;6;2
228;2024-06-09;2024;6;2
229;2024-06-10;2024;6;2
230;2024-06-11;2024;6;2
231;2024-06-12;2024;6;2
232;2024-06-13;2024;6;2
233;2024-06-14;2024;6;2
234;2024-06-15;2024;6;2
235;2024-06-16;2024;6;2
236;2024-06-17;2024;6;2
237;2024-06-18;2024;6;2
238;2024-06-19;2024;6;2
239;2024-06-20;2024;6;2
240;2024-06-21;2024;6;2
241;2024-06-22;2024;6;2
242;2024-06-24;2024;6;2
243;2024-06-25;2024;6;2
244;2024-06-26;2024;6;2
245;2024-06-27;2024;6;2
246;2024-06-28;2024;6;2
247;2024-07-01;2024;7;3
248;2024-07-02;2024;7;3
249;2024-07-03;2024;7;3
250;2024-07-04;2024;7;3
251;2024-07-05;2024;7;3
252;2024-07-06;2024;7;3
253;2024-07-07;2024;7;3
254;2024-07-08;2024;7;3
255;2024-07-09;2024;7;3
256;2024-07-10;2024;7;3
257;2024-07-11;2024;7;3
258;2024-07-12;2024;7;3
259;2024-07-13;2024;7;3
260;2024-07-15;2024;7;3
261;2024-07-16;2024;7;3
262;2024-07-17;2024;7;3
263;2024-07-18;2024;7;3
264;2024-07-19;2024;7;3
265;2024-07-20;2024;7;3
266;2024-07-21;2024;7;3
267;2024-07-22;2024;7;3
268;2024-07-23;2024;7;3
269;2024-07-24;2024;7;3
270;2024-07-25;2024;7;3
271;2024-07-26;2024;7;3
272;2024-07-27;2024;7;3
273;2024-07-28;2024;7;3
274;2024-07-29;2024;7;3
275;2024-07-30;2024;7;3
276;2024-07-31;2024;7;3
277;2024-08-01;2024;8;3
278;2024-08-02;2024;8;3
279;2024-08-03;2024;8;3
280;2024-08-04;2024;8;3
281;2024-08-05;2024;8;3
282;2024-08-06;2024;8;3
283;2024-08-07;2024;8;3
284;2024-08-08;2024;8;3
285;2024-08-09;2024;8;3
286;2024-08-10;2024;8;3
287;2024-08-12;2024;8;3
288;2024-08-13;2024;8;3
289;2024-08-14;2024;8;3
290;2024-08-15;2024;8;3
291;2024-08-16;2024;8;3
292;2024-08-17;2024;8;3
293;2024-08-19;2024;8;3
294;2024-08-20;2024;8;3
295;2024-08-21;2024;8;3
296;2024-08-23;2024;8;3
297;2024-08-24;2024;8;3
298;2024-08-25;2024;8;3
299;2024-08-26;2024;8;3
300;2024-08-27;2024;8;3
301;2024-08-28;2024;8;3
302;2024-08-29;2024;8;3
303;2024-08-30;2024;8;3
304;2024-08-31;2024;8;3
305;2024-09-01;2024;9;3
306;2024-09-02;2024;9;3
307;2024-09-03;2024;9;3
308;2024-09-04;2024;9;3
309;2024-09-05;2024;9;3
310;2024-09-06;2024;9;3
311;2024-09-07;2024;9;3
312;2024-09-08;2024;9;3
313;2024-09-09;2024;9;3
314;2024-09-10;2024;9;3
315;2024-09-11;2024;9;3
316;2024-09-12;2024;9;3
317;2024-09-13;2024;9;3
318;2024-09-14;2024;9;3
319;2024-09-15;2024;9;3
320;2024-09-16;2024;9;3
321;2024-09-17;2024;9;3
322;2024-09-18;2024;9;3
323;2024-09-19;2024;9;3
324;2024-09-20;2024;9;3
325;2024-09-21;2024;9;3
326;2024-09-22;2024;9;3
327;2024-09-23;2024;9;3
328;2024-09-24;2024;9;3
329;2024-09-25;2024;9;3
330;2024-09-26;2024;9;3
331;2024-09-27;2024;9;3
332;2024-09-28;2024;9;3
333;2024-09-29;2024;9;3
334;2024-09-30;2024;9;3
335;2024-10-01;2024;10;4
336;2024-10-02;2024;10;4
337;2024-10-03;2024;10;4
338;2024-10-04;2024;10;4
339;2024-10-05;2024;10;4
340;2024-10-06;2024;10;4
341;2024-10-07;2024;10;4
342;2024-10-08;2024;10;4
343;2024-10-09;2024;10;4
344;2024-10-10;2024;10;4
345;2024-10-11;2024;10;4
346;2024-10-12;2024;10;4
347;2024-10-13;2024;10;4
348;2024-10-14;2024;10;4
349;2024-10-15;2024;10;4
350;2024-10-16;2024;10;4
351;2024-10-17;2024;10;4
352;2024-10-18;2024;10;4
353;2024-10-19;2024;10;4
354;2024-10-20;2024;10;4
355;2024-10-21;2024;10;4
356;2024-10-22;2024;10;4
357;2024-10-23;2024;10;4
358;2024-10-24;2024;10;4
359;2024-10-25;2024;10;4
360;2024-10-26;2024;10;4
361;2024-10-28;2024;10;4
362;2024-10-29;2024;10;4
363;2024-10-30;2024;10;4
364;2024-10-31;2024;10;4
365;2024-11-01;2024;11;4
366;2024-11-02;2024;11;4
367;2024-11-04;2024;11;4
368;2024-11-05;2024;11;4
369;2024-11-06;2024;11;4
370;2024-11-07;2024;11;4
371;2024-11-08;2024;11;4
372;2024-11-09;2024;11;4
373;2024-11-11;2024;11;4
374;2024-11-12;2024;11;4
375;2024-11-13;2024;11;4
376;2024-11-14;2024;11;4
377;2024-11-15;2024;11;4
378;2024-11-16;2024;11;4
379;2024-11-17;2024;11;4
380;2024-11-18;2024;11;4
381;2024-11-19;2024;11;4
382;2024-11-20;2024;11;4
383;2024-11-21;2024;11;4
384;2024-11-22;2024;11;4
385;2024-11-23;2024;11;4
386;2024-11-24;2024;11;4
387;2024-11-25;2024;11;4
388;2024-11-26;2024;11;4
389;2024-11-27;2024;11;4
390;2024-11-28;2024;11;4
391;2024-11-30;2024;11;4
392;2024-12-01;2024;12;4
393;2024-12-02;2024;12;4
394;2024-12-03;2024;12;4
395;2024-12-04;2024;12;4
396;2024-12-05;2024;12;4
397;2024-12-06;2024;12;4
398;2024-12-07;2024;12;4
399;2024-12-08;2024;12;4
400;2024-12-09;2024;12;4
401;2024-12-10;2024;12;4
402;2024-12-11;2024;12;4
403;2024-12-12;2024;12;4
404;2024-12-13;2024;12;4
405;2024-12-14;2024;12;4
406;2024-12-15;2024;12;4
407;2024-12-16;2024;12;4
408;2024-12-17;2024;12;4
409;2024-12-18;2024;12;4
410;2024-12-19;2024;12;4
411;2024-12-20;2024;12;4
412;2024-12-21;2024;12;4
413;2024-12-23;2024;12;4
414;2024-12-24;2024;12;4
415;2024-12-25;2024;12;4
416;2024-12-26;2024;12;4
417;2024-12-27;2024;12;4
418;2024-12-28;2024;12;4
419;2024-12-30;2024;12;4
420;2024-12-31;2024;12;4
421;2025-01-01;2025;1;1
422;2025-01-02;2025;1;1
423;2025-01-03;2025;1;1
424;2025-01-05;2025;1;1
425;2025-01-06;2025;1;1
426;2025-01-07;2025;1;1
427;2025-01-08;2025;1;1
428;2025-01-09;2025;1;1
429;2025-01-10;2025;1;1
430;2025-01-11;2025;1;1
431;2025-01-13;2025;1;1
432;2025-01-14;2025;1;1
433;2025-01-15;2025;1;1
434;2025-01-16;2025;1;1
435;2025-01-17;2025;1;1
436;2025-01-18;2025;1;1
437;2025-01-20;2025;1;1
438;2025-01-21;2025;1;1
439;2025-01-22;2025;1;1
440;2025-01-23;2025;1;1
441;2025-01-24;2025;1;1
442;2025-01-25;2025;1;1
443;2025-01-26;2025;1;1
444;2025-01-27;2025;1;1
445;2025-01-28;2025;1;1
446;2025-01-29;2025;1;1
447;2025-01-30;2025;1;1
448;2025-01-31;2025;1;1
449;2025-02-01;2025;2;1
450;2025-02-03;2025;2;1
451;2025-02-04;2025;2;1
452;2025-02-05;2025;2;1
453;2025-02-06;2025;2;1
454;2025-02-07;2025;2;1
455;2025-02-09;2025;2;1
456;2025-02-10;2025;2;1
457;2025-02-11;2025;2;1
458;2025-02-12;2025;2;1
459;2025-02-13;2025;2;1
460;2025-02-14;2025;2;1
461;2025-02-15;2025;2;1
462;2025-02-16;2025;2;1
463;2025-02-17;2025;2;1
464;2025-02-18;2025;2;1
465;2025-02-19;2025;2;1
466;2025-02-20;2025;2;1
467;2025-02-21;2025;2;1
468;2025-02-22;2025;2;1
469;2025-02-24;2025;2;1
470;2025-02-25;2025;2;1
471;2025-02-26;2025;2;1
472;2025-02-27;2025;2;1
473;2025-02-28;2025;2;1
474;2025-03-01;2025;3;1
475;2025-03-02;2025;3;1
476;2025-03-03;2025;3;1
477;2025-03-04;2025;3;1
478;2025-03-05;2025;3;1
479;2025-03-06;2025;3;1
480;2025-03-07;2025;3;1
481;2025-03-08;2025;3;1
482;2025-03-10;2025;3;1
483;2025-03-11;2025;3;1
484;2025-03-12;2025;3;1
485;2025-03-13;2025;3;1
486;2025-03-14;2025;3;1
487;2025-03-15;2025;3;1
488;2025-03-16;2025;3;1
489;2025-03-17;2025;3;1
490;2025-03-18;2025;3;1
491;2025-03-19;2025;3;1
492;2025-03-20;2025;3;1
493;2025-03-21;2025;3;1
494;2025-03-22;2025;3;1
495;2025-03-23;2025;3;1
496;2025-03-24;2025;3;1
497;2025-03-25;2025;3;1
498;2025-03-26;2025;3;1
499;2025-03-27;2025;3;1
500;2025-03-28;2025;3;1
501;2025-03-29;2025;3;1
502;2025-03-31;2025;3;1
503;2025-04-01;2025;4;2
504;2025-04-02;2025;4;2
505;2025-04-03;2025;4;2
506;2025-04-04;2025;4;2
507;2025-04-06;2025;4;2
508;2025-04-07;2025;4;2
509;2025-04-08;2025;4;2
510;2025-04-09;2025;4;2
511;2025-04-10;2025;4;2
512;2025-04-11;2025;4;2
513;2025-04-12;2025;4;2
514;2025-04-13;2025;4;2
515;2025-04-14;2025;4;2
516;2025-04-15;2025;4;2
517;2025-04-16;2025;4;2
518;2025-04-17;2025;4;2
519;2025-04-19;2025;4;2
520;2025-04-20;2025;4;2
521;2025-04-21;2025;4;2
522;2025-04-22;2025;4;2
523;2025-04-23;2025;4;2
524;2025-04-24;2025;4;2
525;2025-04-25;2025;4;2
526;2025-04-26;2025;4;2
527;2025-04-27;2025;4;2
528;2025-04-28;2025;4;2
529;2025-04-29;2025;4;2
530;2025-04-30;2025;4;2
531;2025-05-01;2025;5;2
532;2025-05-02;2025;5;2
533;2025-05-03;2025;5;2
534;2025-05-05;2025;5;2
535;2025-05-06;2025;5;2
536;2025-05-07;2025;5;2
537;2025-05-08;2025;5;2
538;2025-05-09;2025;5;2
539;2025-05-10;2025;5;2
540;2025-05-12;2025;5;2
541;2025-05-13;2025;5;2
542;2025-05-14;2025;5;2
543;2025-05-15;2025;5;2
544;2025-05-16;2025;5;2
545;2025-05-17;2025;5;2
546;2025-05-18;2025;5;2
547;2025-05-19;2025;5;2
548;2025-05-20;2025;5;2
549;2025-05-21;2025;5;2
550;2025-05-22;2025;5;2
551;2025-05-23;2025;5;2
552;2025-05-24;2025;5;2
553;2025-05-26;2025;5;2
554;2025-05-27;2025;5;2
555;2025-05-28;2025;5;2
556;2025-05-29;2025;5;2
557;2025-05-30;2025;5;2
558;2025-05-31;2025;5;2
